{
	"data": [
		{
			"id": 1,
			"name": "KevenConroy",
			"title": "International Intranet Administrator"
		},
		{
			"id": 2,
			"name": "KarinaGerlach",
			"title": "International Data Producer"
		},
		{
			"id": 3,
			"name": "JamesonD'Amore",
			"title": "Principal Marketing Orchestrator"
		},
		{
			"id": 4,
			"name": "AnthonyMcDermott",
			"title": "Product Quality Supervisor"
		},
		{
			"id": 5,
			"name": "MaureenEmard",
			"title": "Senior Branding Developer"
		},
		{
			"id": 6,
			"name": "VanTorphy",
			"title": "District Quality Facilitator"
		},
		{
			"id": 7,
			"name": "ArturoKozey",
			"title": "Global Markets Consultant"
		},
		{
			"id": 8,
			"name": "SophieLesch",
			"title": "Legacy Accountability Architect"
		},
		{
			"id": 9,
			"name": "CathrineO'Hara",
			"title": "Human Research Engineer"
		},
		{
			"id": 10,
			"name": "IsidroGoyette",
			"title": "Human Intranet Specialist"
		},
		{
			"id": 11,
			"name": "MayraBraun",
			"title": "National Factors Specialist"
		},
		{
			"id": 12,
			"name": "GarthAbshire",
			"title": "Central Communications Assistant"
		},
		{
			"id": 13,
			"name": "CareyCarroll",
			"title": "Human Applications Engineer"
		},
		{
			"id": 14,
			"name": "HortenseKozey",
			"title": "Dynamic Factors Facilitator"
		},
		{
			"id": 15,
			"name": "JosephLakin",
			"title": "International Research Liaison"
		},
		{
			"id": 16,
			"name": "DeangeloDaniel",
			"title": "Legacy Infrastructure Facilitator"
		},
		{
			"id": 17,
			"name": "MarvinMcLaughlin",
			"title": "Customer Interactions Facilitator"
		},
		{
			"id": 18,
			"name": "QuintonHarvey",
			"title": "Principal Operations Officer"
		},
		{
			"id": 19,
			"name": "RoryWiegand",
			"title": "Senior Applications Associate"
		},
		{
			"id": 20,
			"name": "GuillermoConn",
			"title": "Legacy Identity Designer"
		},
		{
			"id": 21,
			"name": "JaimeFeest",
			"title": "National Integration Representative"
		},
		{
			"id": 22,
			"name": "PrincessProhaska",
			"title": "District Operations Specialist"
		},
		{
			"id": 23,
			"name": "ReggieLarkin",
			"title": "Dynamic Implementation Orchestrator"
		},
		{
			"id": 24,
			"name": "VirgiePurdy",
			"title": "Dynamic Program Representative"
		},
		{
			"id": 25,
			"name": "RosarioWisozk",
			"title": "Dynamic Communications Facilitator"
		},
		{
			"id": 26,
			"name": "KellieProhaska",
			"title": "International Implementation Supervisor"
		},
		{
			"id": 27,
			"name": "HaleighBruen",
			"title": "Regional Quality Consultant"
		},
		{
			"id": 28,
			"name": "FinnBeer",
			"title": "International Research Specialist"
		},
		{
			"id": 29,
			"name": "SamanthaGerhold",
			"title": "Central Web Agent"
		},
		{
			"id": 30,
			"name": "ElzaGreen",
			"title": "Internal Intranet Facilitator"
		},
		{
			"id": 31,
			"name": "JermaineWeber",
			"title": "Human Accounts Technician"
		},
		{
			"id": 32,
			"name": "ChristopheLubowitz",
			"title": "Dynamic Marketing Associate"
		},
		{
			"id": 33,
			"name": "CyrusCremin",
			"title": "Principal Security Consultant"
		},
		{
			"id": 34,
			"name": "JordanCarroll",
			"title": "Product Communications Director"
		},
		{
			"id": 35,
			"name": "DaveConnelly",
			"title": "Direct Identity Consultant"
		},
		{
			"id": 36,
			"name": "TatumJohns",
			"title": "Human Marketing Executive"
		},
		{
			"id": 37,
			"name": "DorcasKiehn",
			"title": "Dynamic Security Technician"
		},
		{
			"id": 38,
			"name": "EleonoreHerman",
			"title": "Corporate Identity Administrator"
		},
		{
			"id": 39,
			"name": "GerryHomenick",
			"title": "Corporate Factors Designer"
		},
		{
			"id": 40,
			"name": "ElmerMueller",
			"title": "Investor Security Administrator"
		},
		{
			"id": 41,
			"name": "DanikaHowe",
			"title": "Forward Program Supervisor"
		},
		{
			"id": 42,
			"name": "KylaWalker",
			"title": "Principal Factors Specialist"
		},
		{
			"id": 43,
			"name": "LupeBernhard",
			"title": "Regional Research Specialist"
		},
		{
			"id": 44,
			"name": "DustyThiel",
			"title": "Corporate Accountability Producer"
		},
		{
			"id": 45,
			"name": "MichaelHerzog",
			"title": "National Factors Manager"
		},
		{
			"id": 46,
			"name": "BernardSwift",
			"title": "Chief Integration Administrator"
		},
		{
			"id": 47,
			"name": "KarianeSteuber",
			"title": "Principal Metrics Representative"
		},
		{
			"id": 48,
			"name": "FerneSporer",
			"title": "National Optimization Manager"
		},
		{
			"id": 49,
			"name": "EstaGaylord",
			"title": "Dynamic Optimization Developer"
		},
		{
			"id": 50,
			"name": "KalebBlanda",
			"title": "Dynamic Branding Associate"
		},
		{
			"id": 51,
			"name": "EstherDurgan",
			"title": "Lead Brand Engineer"
		},
		{
			"id": 52,
			"name": "MonserratBuckridge",
			"title": "Regional Creative Agent"
		},
		{
			"id": 53,
			"name": "TimmothyCrist",
			"title": "Chief Research Assistant"
		},
		{
			"id": 54,
			"name": "TiaHeathcote",
			"title": "Human Tactics Representative"
		},
		{
			"id": 55,
			"name": "MasonKoch",
			"title": "Internal Metrics Director"
		},
		{
			"id": 56,
			"name": "VicenteSchultz",
			"title": "Senior Security Facilitator"
		},
		{
			"id": 57,
			"name": "TevinConn",
			"title": "International Optimization Planner"
		},
		{
			"id": 58,
			"name": "AntwonMuller",
			"title": "Direct Identity Developer"
		},
		{
			"id": 59,
			"name": "PetraHaag",
			"title": "Global Communications Technician"
		},
		{
			"id": 60,
			"name": "RoseLynch",
			"title": "Principal Operations Engineer"
		},
		{
			"id": 61,
			"name": "FordCormier",
			"title": "Investor Research Consultant"
		},
		{
			"id": 62,
			"name": "KaylahGutmann",
			"title": "Direct Branding Administrator"
		},
		{
			"id": 63,
			"name": "JaymeBartell",
			"title": "Direct Marketing Facilitator"
		},
		{
			"id": 64,
			"name": "AlbaBernhard",
			"title": "Investor Identity Developer"
		},
		{
			"id": 65,
			"name": "PamelaBrakus",
			"title": "Product Response Strategist"
		},
		{
			"id": 66,
			"name": "FreddyHand",
			"title": "Global Communications Associate"
		},
		{
			"id": 67,
			"name": "JessiePollich",
			"title": "District Program Analyst"
		},
		{
			"id": 68,
			"name": "KirstenGleason",
			"title": "Human Markets Administrator"
		},
		{
			"id": 69,
			"name": "DaphneBrakus",
			"title": "Direct Solutions Strategist"
		},
		{
			"id": 70,
			"name": "EarlenePollich",
			"title": "Global Directives Associate"
		},
		{
			"id": 71,
			"name": "GageWolf",
			"title": "Lead Factors Representative"
		},
		{
			"id": 72,
			"name": "DimitriWitting",
			"title": "Lead Response Technician"
		},
		{
			"id": 73,
			"name": "MohammadHayes",
			"title": "Chief Paradigm Officer"
		},
		{
			"id": 74,
			"name": "GeoDavis",
			"title": "Senior Functionality Facilitator"
		},
		{
			"id": 75,
			"name": "DonGerhold",
			"title": "Regional Implementation Developer"
		},
		{
			"id": 76,
			"name": "SterlingAbernathy",
			"title": "Chief Paradigm Associate"
		},
		{
			"id": 77,
			"name": "MadelynHodkiewicz",
			"title": "National Brand Supervisor"
		},
		{
			"id": 78,
			"name": "JarrodDickens",
			"title": "Forward Branding Developer"
		},
		{
			"id": 79,
			"name": "AmiyaHauck",
			"title": "Global Marketing Agent"
		},
		{
			"id": 80,
			"name": "RosendoWelch",
			"title": "Product Solutions Architect"
		},
		{
			"id": 81,
			"name": "RozellaPowlowski",
			"title": "Dynamic Response Administrator"
		},
		{
			"id": 82,
			"name": "AntoniaRosenbaum",
			"title": "Investor Usability Strategist"
		},
		{
			"id": 83,
			"name": "AbelWill",
			"title": "Human Branding Strategist"
		},
		{
			"id": 84,
			"name": "SavionHeidenreich",
			"title": "District Research Associate"
		},
		{
			"id": 85,
			"name": "FredrickLowe",
			"title": "Internal Brand Associate"
		},
		{
			"id": 86,
			"name": "VernReichert",
			"title": "Dynamic Applications Consultant"
		},
		{
			"id": 87,
			"name": "ElouiseWunsch",
			"title": "Principal Identity Facilitator"
		},
		{
			"id": 88,
			"name": "HoraceHackett",
			"title": "Central Creative Designer"
		},
		{
			"id": 89,
			"name": "AureliePouros",
			"title": "Senior Division Supervisor"
		},
		{
			"id": 90,
			"name": "KimberlyFahey",
			"title": "Human Usability Assistant"
		},
		{
			"id": 91,
			"name": "PresleySchinner",
			"title": "Product Group Supervisor"
		},
		{
			"id": 92,
			"name": "JaniceStreich",
			"title": "Legacy Infrastructure Planner"
		},
		{
			"id": 93,
			"name": "LillaWelch",
			"title": "Dynamic Research Developer"
		},
		{
			"id": 94,
			"name": "LutherO'Hara",
			"title": "Corporate Infrastructure Representative"
		},
		{
			"id": 95,
			"name": "AnaLueilwitz",
			"title": "Customer Solutions Developer"
		},
		{
			"id": 96,
			"name": "ClementineBorer",
			"title": "Forward Solutions Technician"
		},
		{
			"id": 97,
			"name": "LaishaLeuschke",
			"title": "Chief Directives Representative"
		},
		{
			"id": 98,
			"name": "TevinFeeney",
			"title": "Dynamic Functionality Planner"
		},
		{
			"id": 99,
			"name": "HollyMitchell",
			"title": "Senior Applications Director"
		},
		{
			"id": 100,
			"name": "AntoninaHomenick",
			"title": "Principal Optimization Strategist"
		}
	]
}