{
  "user": [
    {
      "id": 1,
      "title": "Ray",
      "name": "RayHeihei"
    },
    {
      "id": 2,
      "name": "EarlMacGyver",
      "title": "International Metrics Supervisor"
    },
    {
      "id": 3,
      "name": "DemarioKub",
      "title": "Investor Marketing Analyst"
    },
    {
      "id": 4,
      "name": "LennaHeller",
      "title": "Principal Research Manager"
    },
    {
      "id": 5,
      "name": "PatriciaJohns",
      "title": "Regional Infrastructure Designer"
    },
    {
      "id": 6,
      "name": "HalieO'Kon",
      "title": "International Infrastructure Producer"
    },
    {
      "id": 7,
      "name": "VirginieHackett",
      "title": "Dynamic Paradigm Agent"
    },
    {
      "id": 8,
      "name": "AnnieTillman",
      "title": "Chief Directives Associate"
    },
    {
      "id": 9,
      "name": "GilesGoyette",
      "title": "Customer Research Associate"
    },
    {
      "id": 10,
      "name": "JaydonSchneider",
      "title": "Human Mobility Representative"
    },
    {
      "id": 11,
      "name": "LetaStreich",
      "title": "Direct Paradigm Specialist"
    },
    {
      "id": 12,
      "name": "MaudMarquardt",
      "title": "Senior Identity Strategist"
    },
    {
      "id": 13,
      "name": "SunnyMcClure",
      "title": "Corporate Accountability Orchestrator"
    },
    {
      "id": 14,
      "name": "DorrisLebsack",
      "title": "International Program Executive"
    },
    {
      "id": 15,
      "name": "AbigayleReichel",
      "title": "Future Group Assistant"
    },
    {
      "id": 16,
      "name": "ErichWiza",
      "title": "Customer Division Agent"
    },
    {
      "id": 17,
      "name": "MacyHarris",
      "title": "Customer Interactions Producer"
    },
    {
      "id": 18,
      "name": "EthelSkiles",
      "title": "Lead Assurance Facilitator"
    },
    {
      "id": 19,
      "name": "MeredithGislason",
      "title": "Direct Tactics Officer"
    },
    {
      "id": 20,
      "name": "EunaLang",
      "title": "Internal Paradigm Executive"
    },
    {
      "id": 21,
      "name": "ZellaSchiller",
      "title": "Legacy Solutions Administrator"
    },
    {
      "id": 22,
      "name": "HalleAdams",
      "title": "Dynamic Creative Coordinator"
    },
    {
      "id": 23,
      "name": "LexieCartwright",
      "title": "Lead Intranet Executive"
    },
    {
      "id": 24,
      "name": "ReidBins",
      "title": "National Accountability Executive"
    },
    {
      "id": 25,
      "name": "HaroldWilliamson",
      "title": "Internal Paradigm Strategist"
    },
    {
      "id": 26,
      "name": "SerenityWard",
      "title": "Regional Infrastructure Technician"
    },
    {
      "id": 27,
      "name": "BrycenFahey",
      "title": "Future Intranet Orchestrator"
    },
    {
      "id": 28,
      "name": "TheaHoppe",
      "title": "District Creative Officer"
    },
    {
      "id": 29,
      "name": "TalonWuckert",
      "title": "Global Solutions Designer"
    },
    {
      "id": 30,
      "name": "PietroBoehm",
      "title": "International Web Coordinator"
    },
    {
      "id": 31,
      "name": "PresleySchamberger",
      "title": "Forward Configuration Architect"
    },
    {
      "id": 32,
      "name": "StefanieFarrell",
      "title": "Global Tactics Representative"
    },
    {
      "id": 33,
      "name": "ElveraGreenfelder",
      "title": "Corporate Identity Engineer"
    },
    {
      "id": 34,
      "name": "RosarioWilderman",
      "title": "Legacy Configuration Supervisor"
    },
    {
      "id": 35,
      "name": "BrockMertz",
      "title": "Legacy Integration Executive"
    },
    {
      "id": 36,
      "name": "CalebUpton",
      "title": "Internal Implementation Architect"
    },
    {
      "id": 37,
      "name": "LeannaPacocha",
      "title": "Lead Infrastructure Associate"
    },
    {
      "id": 38,
      "name": "KadinDare",
      "title": "Senior Infrastructure Coordinator"
    },
    {
      "id": 39,
      "name": "ShanyLemke",
      "title": "Future Communications Assistant"
    },
    {
      "id": 40,
      "name": "MichealRogahn",
      "title": "Principal Accounts Orchestrator"
    },
    {
      "id": 41,
      "name": "ChristianSawayn",
      "title": "International Security Developer"
    },
    {
      "id": 42,
      "name": "ForrestKris",
      "title": "Future Usability Manager"
    },
    {
      "id": 43,
      "name": "GillianHalvorson",
      "title": "Chief Infrastructure Designer"
    },
    {
      "id": 44,
      "name": "TheresaHeathcote",
      "title": "Regional Response Orchestrator"
    },
    {
      "id": 45,
      "name": "AthenaSporer",
      "title": "International Creative Coordinator"
    },
    {
      "id": 46,
      "name": "LouveniaMonahan",
      "title": "Legacy Functionality Specialist"
    },
    {
      "id": 47,
      "name": "MillieTerry",
      "title": "Regional Creative Representative"
    },
    {
      "id": 48,
      "name": "ThaliaGislason",
      "title": "Corporate Markets Facilitator"
    },
    {
      "id": 49,
      "name": "DimitriHegmann",
      "title": "Dynamic Web Engineer"
    },
    {
      "id": 50,
      "name": "AntwanWintheiser",
      "title": "Central Response Architect"
    },
    {
      "id": 51,
      "name": "KaleConroy",
      "title": "Central Group Agent"
    },
    {
      "id": 52,
      "name": "KellieGibson",
      "title": "Forward Response Developer"
    },
    {
      "id": 53,
      "name": "ColumbusRunte",
      "title": "National Web Liaison"
    },
    {
      "id": 54,
      "name": "LewBrown",
      "title": "Corporate Program Supervisor"
    },
    {
      "id": 55,
      "name": "CaraConnelly",
      "title": "Corporate Markets Facilitator"
    },
    {
      "id": 56,
      "name": "TerenceMacGyver",
      "title": "Future Solutions Supervisor"
    },
    {
      "id": 57,
      "name": "AlexSchiller",
      "title": "District Response Liaison"
    },
    {
      "id": 58,
      "name": "LulaRath",
      "title": "Direct Response Specialist"
    },
    {
      "id": 59,
      "name": "JanessaPfeffer",
      "title": "Lead Security Designer"
    },
    {
      "id": 60,
      "name": "ZoeCasper",
      "title": "Lead Assurance Supervisor"
    },
    {
      "id": 61,
      "name": "JanelleWalker",
      "title": "Customer Security Developer"
    },
    {
      "id": 62,
      "name": "OnieKeebler",
      "title": "International Accountability Designer"
    },
    {
      "id": 63,
      "name": "AnjaliHerman",
      "title": "Corporate Implementation Architect"
    },
    {
      "id": 64,
      "name": "SedrickFadel",
      "title": "Regional Solutions Designer"
    },
    {
      "id": 65,
      "name": "MarkTremblay",
      "title": "Forward Creative Analyst"
    },
    {
      "id": 66,
      "name": "FelicityBailey",
      "title": "Direct Branding Strategist"
    },
    {
      "id": 67,
      "name": "RosellaTurner",
      "title": "Customer Solutions Planner"
    },
    {
      "id": 68,
      "name": "AgustinaDicki",
      "title": "Legacy Web Administrator"
    },
    {
      "id": 69,
      "name": "KenyonKlein",
      "title": "Central Solutions Technician"
    },
    {
      "id": 70,
      "name": "ThoraGislason",
      "title": "Direct Paradigm Designer"
    },
    {
      "id": 71,
      "name": "AntoniettaBoyle",
      "title": "Dynamic Creative Designer"
    },
    {
      "id": 72,
      "name": "LauraHand",
      "title": "Central Data Strategist"
    },
    {
      "id": 73,
      "name": "BennySenger",
      "title": "Forward Integration Producer"
    },
    {
      "id": 74,
      "name": "FritzMacejkovic",
      "title": "Future Metrics Administrator"
    },
    {
      "id": 75,
      "name": "AmieWuckert",
      "title": "Human Intranet Supervisor"
    },
    {
      "id": 76,
      "name": "BroderickDurgan",
      "title": "Lead Program Liaison"
    },
    {
      "id": 77,
      "name": "PollyWilkinson",
      "title": "Human Operations Designer"
    },
    {
      "id": 78,
      "name": "SedrickHilpert",
      "title": "Investor Functionality Liaison"
    },
    {
      "id": 79,
      "name": "GregHerman",
      "title": "Principal Accountability Designer"
    },
    {
      "id": 80,
      "name": "ElvieCassin",
      "title": "International Research Associate"
    },
    {
      "id": 81,
      "name": "JosiahFritsch",
      "title": "District Configuration Coordinator"
    },
    {
      "id": 82,
      "name": "LisetteZieme",
      "title": "Principal Solutions Director"
    },
    {
      "id": 83,
      "name": "AmaraMcClure",
      "title": "Global Division Officer"
    },
    {
      "id": 84,
      "name": "LaurettaGutkowski",
      "title": "Chief Markets Supervisor"
    },
    {
      "id": 85,
      "name": "BenSchmidt",
      "title": "Future Paradigm Planner"
    },
    {
      "id": 86,
      "name": "NapoleonRitchie",
      "title": "Future Program Orchestrator"
    },
    {
      "id": 87,
      "name": "ColinDenesik",
      "title": "Central Configuration Liaison"
    },
    {
      "id": 88,
      "name": "FrankStracke",
      "title": "National Branding Officer"
    },
    {
      "id": 89,
      "name": "KevonHerzog",
      "title": "Customer Tactics Facilitator"
    },
    {
      "id": 90,
      "name": "ArleneMcDermott",
      "title": "Corporate Implementation Technician"
    },
    {
      "id": 91,
      "name": "CamilaSchamberger",
      "title": "Senior Marketing Architect"
    },
    {
      "id": 92,
      "name": "LavinaKlein",
      "title": "Internal Paradigm Associate"
    },
    {
      "id": 93,
      "name": "RichieConroy",
      "title": "Dynamic Interactions Assistant"
    },
    {
      "id": 94,
      "name": "ImmanuelBins",
      "title": "Internal Marketing Coordinator"
    },
    {
      "id": 95,
      "name": "ConsueloBuckridge",
      "title": "District Quality Strategist"
    },
    {
      "id": 96,
      "name": "CydneyHeaney",
      "title": "International Brand Assistant"
    },
    {
      "id": 97,
      "name": "BrownParisian",
      "title": "International Applications Supervisor"
    },
    {
      "id": 98,
      "name": "AxelPollich",
      "title": "Direct Branding Consultant"
    },
    {
      "id": 99,
      "name": "ArnoldoMayer",
      "title": "Direct Intranet Analyst"
    },
    {
      "id": 100,
      "name": "MarisaCrooks",
      "title": "Regional Web Administrator"
    },
    {
      "id": 2120,
      "title": "kevin",
      "name": "kevin"
    }
  ],
  "testkevin": [
    {
      "id": 1
    }
  ]
}